U_gain	E_gain	170c	150c	26_RANGE2c	16_RANGE2c	16c	26c	30c	60c	90c	120c	150_BOOSTc	170_BOOSTc	26_RANGE2f	170f	16_RANGE2f	16f	26f	30f	60f	90f	120f	150f	150_BOOSTf	170_BOOSTf
0.009412507710859568	0.2611852157023953	0	0	0	0	0	0	0	0	0	0	0	0	0.375	0.0625	0	0	0	0	0	0	0	0	0	0
