U_gain	E_gain	150c	170c	16_RANGE2c	26_RANGE2c	16c	26c	30c	60c	90c	120c	150_BOOSTc	170_BOOSTc	26_RANGE2f	170f	120f	150f	16_RANGE2f	16f	26f	30f	60f	90f	150_BOOSTf	170_BOOSTf
0.00011811913833808948	0.24961546027748052	0	0	0	0	0	0	0	0	0	0	0	0	0.3125	0.25	0.03125	0.09375	0	0	0	0	0	0	0	0
