U_gain	E_gain	170c	150c	16_RANGE2c	26_RANGE2c	16c	26c	30c	60c	90c	120c	150_BOOSTc	170_BOOSTc	170f	26_RANGE2f	150f	120f	16_RANGE2f	16f	26f	30f	60f	90f	150_BOOSTf	170_BOOSTf
-0.000865045099993478	0.3591299525605299	0	0	0	0	0	0	0	0	0	0	0	0	0.375	0.234375	0.09375	0.046875	0	0	0	0	0	0	0	0
